"country","year","co2","co2_per_capita","coal_co2","oil_co2","gas_co2","total_fossil_co2","yoy_growth_percent"
Indonesia,1995,222.225296,1.111748695,25.17900848,109.7148132,64.57433319,199.46815487,
Indonesia,1996,252.8557434,1.244342208,27.56060791,121.3077087,78.99217224,227.86048885000002,13.78351067648033
Indonesia,1997,279.6956177,1.354221463,29.38894463,140.5473785,82.04062653,251.97694966,10.61469830152967
Indonesia,1998,244.3153229,1.164366722,32.07416916,141.0362091,48.02698135,221.13735961,-12.649570662186315
Indonesia,1999,291.7706604,1.369785309,37.16347122,148.1006165,83.65170288,268.9157906,19.42380728998475
Indonesia,2000,281.0544434,1.300709486,50.90601349,156.8118744,48.59196854,256.30985642999997,-3.672821998383485
Indonesia,2001,316.7593689,1.445743442,64.62856293,164.0702515,61.16315079,289.86196522,12.70391781324173
Indonesia,2002,308.2013245,1.38774097,66.66522217,156.8411865,59.76350403,283.26991269999996,-2.701749416195414
Indonesia,2003,339.0238953,1.506451488,89.48968506,162.4452057,62.6609993,314.59589006,10.000791154938723
Indonesia,2004,342.7086182,1.503591657,82.2161026,173.89534,61.88563538,317.99707798000003,1.0868622982280969
Indonesia,2005,347.3612671,1.504564524,94.22208405,174.7544861,54.45070267,323.42727282000004,1.3576107086063443
Indonesia,2006,346.3657532,1.480501413,111.6405182,152.4993439,57.4258728,321.5657349,-0.2865932371537139
Indonesia,2007,387.57724,1.634917021,140.0659943,166.2246857,57.07779312,363.36847312000003,11.898256804910945
Indonesia,2008,365.3840332,1.521432519,121.8445435,158.3031158,60.31310272,340.46076202,-5.726137788689563
Indonesia,2009,398.6244202,1.638945699,128.2742004,181.2602386,64.54082489,374.07526389000003,9.09738356897638
Indonesia,2010,445.3700867,1.80820322,152.666687,195.6705627,73.73003387,422.06728357000003,11.726744306469367
Indonesia,2011,500.4576721,2.00608325,181.2809906,211.3285217,81.55331421,474.16282651,12.368945972140887
Indonesia,2012,515.7695923,2.041047096,187.1713257,218.7774353,80.06206512,486.01082612,3.0595834680181286
Indonesia,2013,493.4351196,1.928592443,164.219223,234.0819702,64.75387573,463.05506893,-4.330319784926179
Indonesia,2014,498.0288086,1.92380178,173.5843048,230.7606964,62.41677856,466.76177976,0.9309610965112958
Indonesia,2015,551.1600342,2.105277538,197.8152466,228.3608246,94.25206757,520.42813877,10.668303656841921
Indonesia,2016,547.9688721,2.070718527,206.3278961,217.0238037,91.18656158,514.53826138,-0.5789901121245054
Indonesia,2017,570.9281616,2.13553524,221.0932617,231.027771,84.33853149,536.45956419,4.189889365797783
Indonesia,2018,607.3783569,2.249950886,262.2221375,225.5168152,84.14789581,571.8868485099999,6.384375084572816
Indonesia,2019,665.0493164,2.440643072,315.4006958,226.217865,87.90990448,629.52846528,9.495063306889456
Indonesia,2020,623.3040161,2.26808691,300.5178528,208.254425,81.21622467,589.98850247,-6.27702326287211
Indonesia,2021,632.9460449,2.287001371,303.1535645,211.7657013,83.7594986,598.6787644,1.54692229649504
Indonesia,2022,758.0205078,2.718570709,404.5727234,237.3978882,84.01021576,725.9808273599999,19.760683222179036
Indonesia,2023,762.3575439,2.711182356,399.0505981,237.2219696,91.63607788,727.90864558,0.5721528712445183
Indonesia,2024,812.2202148,2.865096331,436.1168823,243.1833801,99.70082092,779.0010833199999,6.54058863835951
Thailand,1995,153.6500244,2.599909067,30.33856964,88.77745819,18.95572472,138.07175255,
Thailand,1996,173.5658112,2.896622896,36.7772789,96.91549683,22.27025223,155.96302796,12.961785640953016
Thailand,1997,181.2027283,2.984009266,38.02402115,95.44010162,28.14782715,161.61194992,4.400012333765405
Thailand,1998,159.7040253,2.595858335,30.63680077,85.41478729,30.14591408,146.19750214,-11.864447738560887
Thailand,1999,167.2347107,2.684386492,32.37297058,84.65370178,33.8563385,150.88301086,4.715401121451872
Thailand,2000,167.3521576,2.65605402,33.0995903,79.34713745,39.31984711,151.76657486,0.07022878175732956
Thailand,2001,172.2668304,2.706421852,36.80986023,75.16544342,42.53369904,154.50900269,2.936725089464879
Thailand,2002,184.6654663,2.873435736,39.24367142,78.93773651,46.4687767,164.65018462999998,7.1973437203265505
Thailand,2003,191.087738,2.945786238,39.90327072,83.85965729,49.47031403,173.23324204,3.4777870647274405
Thailand,2004,207.3306885,3.167673111,44.76274109,91.75305939,52.10193634,188.61773682,8.500257876306016
Thailand,2005,214.3251495,3.246494055,48.33264923,90.83865356,54.46209717,193.63339996,3.373577279178331
Thailand,2006,215.8246613,3.242183685,51.31309128,87.30780792,55.57892609,194.19982529,0.6996434172556093
Thailand,2007,224.0825653,3.339412689,57.8030014,84.63279724,59.25314713,201.68894577,3.8262096417801708
Thailand,2008,224.2487488,3.316316128,62.25080109,78.48361206,63.70021439,204.43462754,0.07416172685166429
Thailand,2009,228.8362274,3.359257221,62.40338135,79.82188416,67.51344299,209.73870849999997,2.045709786363823
Thailand,2010,241.0189819,3.514449358,64.00843048,80.78515625,77.3453598,222.13894653,5.3237875132003625
Thailand,2011,244.8781586,3.548588037,65.34967041,84.60868073,76.01677704,225.97512817999998,1.6011920179802261
Thailand,2012,262.3476563,3.778260946,68.15479279,90.83322144,83.61499786,242.60301209,7.133955024766335
Thailand,2013,263.7535095,3.776262999,67.14872742,91.3812027,85.50389862,244.03382874000002,0.5358741220818842
Thailand,2014,272.4876404,3.880686045,73.79377747,91.13677216,87.09275055,252.02330018,3.311474761627757
Thailand,2015,277.0987244,3.928205729,72.14248657,95.21759033,88.91205597,256.27213287,1.6922176702147427
Thailand,2016,284.0454712,4.008553982,73.60014343,98.92397308,87.75933838,260.28345489000003,2.506957336249661
Thailand,2017,283.3476257,3.981828213,73.82398224,101.14608,85.28904724,260.25910948,-0.24568091054289906
Thailand,2018,288.3049011,4.039237022,78.56426239,102.3299103,84.33164215,265.22581484,1.7495383586692306
Thailand,2019,281.8774414,3.941114664,70.06038666,103.6518326,85.26955414,258.9817734,-2.229396612917999
Thailand,2020,271.9233093,3.795612335,74.79920197,96.31249237,78.27968597,249.39138031,-3.531368828438635
Thailand,2021,267.1418152,3.724407196,76.6475296,90.91973114,77.92330933,245.49057007,-1.7583980249096032
Thailand,2022,272.5733643,3.79970932,69.80936432,105.827919,75.53216553,251.16944884999998,2.0332081280250223
Thailand,2023,264.7336731,3.692115545,59.32709122,104.3430176,81.42051697,245.09062579,-2.8761765553040153
Thailand,2024,267.7601929,3.736118793,60.21633911,105.3364868,84.08812714,249.64095305,1.1432318996521402
Vietnam,1995,30.08847237,0.417605758,12.55079079,13.18474293,0.425078005,26.160611725,
Vietnam,1996,35.48151016,0.485008627,14.7475996,15.98236752,0.626543999,31.356511118999997,17.923933537340954
Vietnam,1997,45.50207138,0.613013327,21.52775955,18.39844704,1.139596939,41.065803529,28.241642407026564
Vietnam,1998,47.86635208,0.635678172,21.6818676,19.04399109,1.897804976,42.623663666,5.195984772331044
Vietnam,1999,48.54832458,0.636386752,20.03108788,20.23627281,2.158096075,42.42545676500001,1.4247429987148512
Vietnam,2000,53.93546677,0.699062347,20.71625519,23.19311905,3.063103914,46.972478154,11.096453351593702
Vietnam,2001,60.98338699,0.78214556,24.95335388,25.56161308,2.56495595,53.07992291,13.067320340537403
Vietnam,2002,69.53095245,0.882683575,27.49099159,28.6378231,4.100016117,60.228830807,14.01621963273641
Vietnam,2003,77.26105499,0.97105819,31.97572708,29.49886322,5.206543922,66.681134222,11.117498419942908
Vietnam,2004,88.9391861,1.107048988,34.79191208,33.89060211,8.760263443,77.442777633,15.115158745258539
Vietnam,2005,95.84205627,1.181946635,39.4576149,33.85535812,9.394495964,82.707468984,7.761337238052373
Vietnam,2006,99.65592194,1.212832689,42.74422455,32.41540909,11.21183968,86.37147331999999,3.9793237107265567
Vietnam,2007,101.4326324,1.212824821,36.46412659,37.35814285,12.47958374,86.30185318,1.7828448379311677
Vietnam,2008,114.2995758,1.341925621,43.64051056,40.41996002,13.90077305,97.96124363,12.685210957810058
Vietnam,2009,124.4933929,1.439895391,45.48855972,43.34145737,15.3741436,104.20416069,8.918508252241478
Vietnam,2010,139.5638428,1.595833302,47.4634552,49.30278397,18.04886436,114.81510353,12.105421459679729
Vietnam,2011,152.5639343,1.724503636,59.55099106,47.17766571,16.27915192,123.00780869,9.314799047651327
Vietnam,2012,144.2875366,1.611964703,52.31459045,44.20982361,17.95726395,114.48167801,-5.424871702459753
Vietnam,2013,151.4593658,1.672233343,56.56116867,43.90937424,18.71937561,119.18991852,4.970511915995931
Vietnam,2014,180.0475159,1.963878036,78.14945221,47.69795227,19.59873581,145.44614029000002,18.875128618820618
Vietnam,2015,213.3913116,2.298899174,97.89841461,58.91345596,20.46343994,177.27531051,18.519442233526526
Vietnam,2016,221.0270081,2.351348162,106.9045258,55.36670303,20.36817551,182.63940434,3.5782602594022364
Vietnam,2017,227.6943665,2.392326117,108.3023453,57.04751587,17.87635422,183.22621539,3.0165356068085023
Vietnam,2018,255.4684143,2.654567003,122.2732239,63.63000107,18.55477905,204.45800402,12.197951239166914
Vietnam,2019,339.3123474,3.491809845,191.6088867,70.80680084,18.90624046,281.321928,32.81968666448955
Vietnam,2020,362.598877,3.69700098,215.9598236,68.38489532,16.93134308,301.27606199999997,6.862859479896426
Vietnam,2021,314.1965942,3.175785065,172.6125641,64.08256531,14.4359808,251.13111021,-13.34871282571568
Vietnam,2022,322.6531372,3.236868382,177.2480927,72.80538177,15.51000214,265.56347661,2.6914814342694777
Vietnam,2023,347.3987732,3.461795807,209.1143646,78.20406342,14.33341122,301.65183924,7.669423646316862
Vietnam,2024,370.9313354,3.673035145,229.1855316,83.99743652,12.13150883,325.31447694999997,6.773933593154102
